<?xml version="1.0" encoding="UTF-8" standalone="yes"?>
<addon id="plugin.program.firetv" name="[COLOR ghostwhite][B]FTG[/B][/COLOR][COLOR blue][B]Wizard[/B][/COLOR]" version="1.0.3" provider-name="F.T.G.">
  <requires>
    <import addon="xbmc.python" version="2.1.0"/>
	<import addon="plugin.program.FTGmessages" version="1.0.1"/>
  </requires>
  <extension point="xbmc.python.pluginsource" library="default.py">
    <provides>executable</provides>
  </extension>
  <extension point="xbmc.service" library="startup.py" start="startup" />
  <extension point="xbmc.addon.metadata">
    <summary lang="en">[COLOR ghostwhite][B]FTG[/B][/COLOR][COLOR blue][B]Wizard[/B][/COLOR]</summary>
    <description lang="en">This FTG Wizard will bring you the official FireTvGuru builds made by your FTG Admin team.</description>
    <platform>all</platform>
  </extension>
</addon>